---,Col1,Col2,Col3,Col4,Col5,Col6,Col7,Col8,Col9,Col10,Col11,Col12,Col13,Col14,Col15,Col16
Row1,Empty,Empty,Empty,Empty,Empty,Empty,Empty,Empty,Empty,Empty,Empty,Empty,Empty,Empty,Empty,Empty
Row2,Empty,Empty,Empty,Empty,Empty,Empty,Empty,Empty,Empty,Empty,Empty,Empty,Empty,Empty,Empty,Empty
Row3,Empty,Empty,Empty,Empty,Empty,Empty,Empty,Empty,Empty,Empty,Empty,Empty,Empty,Empty,Empty,Empty
Row4,Empty,Empty,Empty,Empty,Empty,Empty,Empty,Empty,Empty,Empty,Empty,Empty,Empty,Empty,Empty,Empty
Row5,Empty,Empty,Empty,Empty,Empty,Basic,Basic,Basic,Basic,Basic,Basic,Empty,Empty,Empty,Empty,Empty
Row6,Empty,Empty,Empty,Empty,Empty,Basic,Empty,Empty,Basic,Basic,Basic,Empty,Empty,Empty,Empty,Empty
Row7,Empty,Empty,Empty,Empty,Empty,Basic,Empty,Empty,Basic,Basic,Basic,Basic,Basic,Empty,Empty,Empty
Row8,Start,Basic,Basic,Basic,Basic,Basic,Empty,Empty,Empty,Empty,Empty,Basic,Basic,Basic,Basic,Empty
Row9,Empty,Empty,Empty,Empty,Basic,Basic,Basic,Empty,Empty,Empty,Empty,Basic,Basic,Exit,Basic,Empty
Row10,Empty,Empty,Empty,Empty,Basic,Basic,Basic,Empty,Empty,Empty,Empty,Empty,Basic,Basic,Basic,Empty
Row11,Empty,Empty,Empty,Empty,Empty,Empty,Basic,Empty,Empty,Basic,Basic,Empty,Empty,Empty,Empty,Empty
Row12,Empty,Empty,Empty,Empty,Empty,Empty,Basic,Basic,Basic,Basic,Basic,Empty,Empty,Empty,Empty,Empty
Row13,Empty,Empty,Empty,Empty,Empty,Empty,Basic,Basic,Basic,Basic,Basic,Empty,Empty,Empty,Empty,Empty
Row14,Empty,Empty,Empty,Empty,Empty,Empty,Empty,Basic,Basic,Basic,Empty,Empty,Empty,Empty,Empty,Empty
Row15,Empty,Empty,Empty,Empty,Empty,Empty,Empty,Empty,Empty,Empty,Empty,Empty,Empty,Empty,Empty,Empty
Row16,Empty,Empty,Empty,Empty,Empty,Empty,Empty,Empty,Empty,Empty,Empty,Empty,Empty,Empty,Empty,Empty